source_version,pattern_name,pattern_type,instance_name,participant_roles,source_locations,intent_and_evidence,status_after_change,change_description
original,Template Method,Behavioral (GoF),Published Document Page,"AbstractClass=django.views.View; TemplateMethod=View.dispatch (fixed recipe: call the method named after the HTTP verb, else 405); PrimitiveOperation=get(): not separately declared in View, dispatch finds it by name; ConcreteClass=DocumentView; ConcreteOperation=DocumentView.get (returns the file of the document)",django.views.View: Django 4.1.13 django/views/generic/base.py:35-178; View.dispatch: Django 4.1.13 django/views/generic/base.py:132-142; DocumentView: data/code/doc_manager/views.py:5-23; DocumentView.get: data/code/doc_manager/views.py:8-23,Problem: every page must answer GET and refuse other HTTP methods in the same way. Django's View.dispatch is the fixed recipe: it calls the method named after the HTTP verb and otherwise returns 405. The app fills in only the get step: DocumentView.get finds the published document and returns its file. Proof: data/test_result/probe_test.py test_1_* (dispatch called get once; a POST got 405).,baseline,Original code.
original,Template Method,Behavioral (GoF),Admin Read-only Fields,AbstractClass=django.contrib.admin.ModelAdmin; TemplateMethod=ModelAdmin._changeform_view (builds the edit page and calls get_readonly_fields); TemplateMethod=ModelAdmin.get_form (builds the form and calls get_readonly_fields); Hook (default)=BaseModelAdmin.get_readonly_fields; ConcreteClass=DocumentAdmin; ConcreteHook=DocumentAdmin.get_readonly_fields (locks fields of saved documents),django.contrib.admin.ModelAdmin: Django 4.1.13 django/contrib/admin/options.py:612-2288; ModelAdmin._changeform_view: Django 4.1.13 django/contrib/admin/options.py:1753-1888; ModelAdmin.get_form: Django 4.1.13 django/contrib/admin/options.py:758-812; BaseModelAdmin.get_readonly_fields: Django 4.1.13 django/contrib/admin/options.py:396-400; DocumentAdmin: data/code/doc_manager/admin.py:12-59; DocumentAdmin.get_readonly_fields: data/code/doc_manager/admin.py:27-30,"Problem: the admin edit page is built by a long fixed recipe; the app only needs to say which fields are locked. ModelAdmin._changeform_view and ModelAdmin.get_form call self.get_readonly_fields(request, obj); DocumentAdmin overrides this hook so that a saved document shows add_date, pub_date and published as read-only. Proof: tests/test_admin.py test_get_readonly_fields; probe test_2_admin_recipe_calls_the_hook.",baseline,Original code.
original,Strategy,Behavioral (GoF),Upload File Checks,"Context=Field.run_validators (loops over self.validators and calls each one, called by Field.clean); Context (subclass)=ContentTypeRestrictedFileField (clean() calls super().clean()); Context (subclass)=ContentTypeRestrictedFileField.clean; Strategy=not separately declared: any callable validator(value) that raises ValidationError; ConcreteStrategy=django.core.validators.FileExtensionValidator; Client=ContentTypeRestrictedFileField.__init__ (creates the strategy and plugs it in)",Field.run_validators: Django 4.1.13 django/db/models/fields/__init__.py:701-715; ContentTypeRestrictedFileField: data/code/doc_manager/models.py:18-54; ContentTypeRestrictedFileField.clean: data/code/doc_manager/models.py:36-54; django.core.validators.FileExtensionValidator: Django 4.1.13 django/core/validators.py:539-580; ContentTypeRestrictedFileField.__init__: data/code/doc_manager/models.py:20-34,Problem: uploads must be checked by rules that can be swapped without changing the field. Django's Field.run_validators loops over self.validators and calls each one the same way (validator(value)). ContentTypeRestrictedFileField.__init__ plugs in a FileExtensionValidator for pdf and html. Proof: probe test_3_* (the field holds the validator; it rejects test.txt with code invalid_extension; swapping in another validator changes the rule).,baseline,Original code.
original,Strategy,Behavioral (GoF),Upload Widget Choice,Context=django.forms.FileField (draws itself through its widget); Context=BoundField.as_widget (calls widget.render(...)); Strategy=django.forms.widgets.Widget; ConcreteStrategy=django.forms.widgets.FileInput; Client=DocumentAdmin.formfield_overrides (chooses FileInput for every FileField); Client=BaseModelAdmin.formfield_for_dbfield (applies formfield_overrides),django.forms.FileField: Django 4.1.13 django/forms/fields.py:618-689; BoundField.as_widget: Django 4.1.13 django/forms/boundfield.py:84-104; django.forms.widgets.Widget: Django 4.1.13 django/forms/widgets.py:232-315; django.forms.widgets.FileInput: Django 4.1.13 django/forms/widgets.py:415-456; DocumentAdmin.formfield_overrides: data/code/doc_manager/admin.py:21-25; BaseModelAdmin.formfield_for_dbfield: Django 4.1.13 django/contrib/admin/options.py:149-215,"Problem: the admin should use a plain upload box instead of Django's default one. A form field draws itself through its widget object (BoundField.as_widget calls widget.render), and widgets are interchangeable. DocumentAdmin.formfield_overrides makes BaseModelAdmin.formfield_for_dbfield use FileInput (with an accept list) for every FileField. Proof: probe test_4_* (widget is FileInput; without the override Django uses AdminFileWidget).",baseline,Original code.
after_change1,Template Method,Behavioral (GoF),Published Document Page,"AbstractClass=django.views.View; TemplateMethod=View.dispatch (fixed recipe: call the method named after the HTTP verb, else 405); PrimitiveOperation=get(): not separately declared in View, dispatch finds it by name; ConcreteClass=DocumentView; ConcreteOperation=DocumentView.get (returns the file of the document)",django.views.View: Django 4.1.13 django/views/generic/base.py:35-178; View.dispatch: Django 4.1.13 django/views/generic/base.py:132-142; DocumentView: Part2/changes/Change1/code/doc_manager/views.py:7-22; DocumentView.get: Part2/changes/Change1/code/doc_manager/views.py:10-22,Problem: every page must answer GET and refuse other HTTP methods in the same way. Django's View.dispatch is the fixed recipe: it calls the method named after the HTTP verb and otherwise returns 405. The app fills in only the get step: DocumentView.get finds the published document and returns its file. Proof: data/test_result/probe_test.py test_1_* (dispatch called get once; a POST got 405).,modified,"DocumentView.get looks the content type up in FILE_TYPES instead of an if/elif chain, compares in lower case and gives 404 for unknown types. Roles unchanged."
after_change1,Template Method,Behavioral (GoF),Admin Read-only Fields,AbstractClass=django.contrib.admin.ModelAdmin; TemplateMethod=ModelAdmin._changeform_view (builds the edit page and calls get_readonly_fields); TemplateMethod=ModelAdmin.get_form (builds the form and calls get_readonly_fields); Hook (default)=BaseModelAdmin.get_readonly_fields; ConcreteClass=DocumentAdmin; ConcreteHook=DocumentAdmin.get_readonly_fields (locks fields of saved documents),django.contrib.admin.ModelAdmin: Django 4.1.13 django/contrib/admin/options.py:612-2288; ModelAdmin._changeform_view: Django 4.1.13 django/contrib/admin/options.py:1753-1888; ModelAdmin.get_form: Django 4.1.13 django/contrib/admin/options.py:758-812; BaseModelAdmin.get_readonly_fields: Django 4.1.13 django/contrib/admin/options.py:396-400; DocumentAdmin: Part2/changes/Change1/code/doc_manager/admin.py:14-61; DocumentAdmin.get_readonly_fields: Part2/changes/Change1/code/doc_manager/admin.py:29-32,"Problem: the admin edit page is built by a long fixed recipe; the app only needs to say which fields are locked. ModelAdmin._changeform_view and ModelAdmin.get_form call self.get_readonly_fields(request, obj); DocumentAdmin overrides this hook so that a saved document shows add_date, pub_date and published as read-only. Proof: tests/test_admin.py test_get_readonly_fields; probe test_2_admin_recipe_calls_the_hook.",preserved,Not changed (lines moved by a new import).
after_change1,Strategy,Behavioral (GoF),Upload File Checks,"Context=Field.run_validators (loops over self.validators and calls each one, called by Field.clean); Context (subclass)=ContentTypeRestrictedFileField (clean() calls super().clean()); Context (subclass)=ContentTypeRestrictedFileField.clean; Strategy=not separately declared: any callable validator(value) that raises ValidationError; ConcreteStrategy=django.core.validators.FileExtensionValidator; Client=ContentTypeRestrictedFileField.__init__ (creates the strategy and plugs it in); Configuration=FILE_TYPES (from Change 1: the allowed extensions)",Field.run_validators: Django 4.1.13 django/db/models/fields/__init__.py:701-715; ContentTypeRestrictedFileField: Part2/changes/Change1/code/doc_manager/models.py:25-65; ContentTypeRestrictedFileField.clean: Part2/changes/Change1/code/doc_manager/models.py:47-65; django.core.validators.FileExtensionValidator: Django 4.1.13 django/core/validators.py:539-580; ContentTypeRestrictedFileField.__init__: Part2/changes/Change1/code/doc_manager/models.py:27-45; FILE_TYPES: Part2/changes/Change1/code/doc_manager/models.py:18-22,Problem: uploads must be checked by rules that can be swapped without changing the field. Django's Field.run_validators loops over self.validators and calls each one the same way (validator(value)). ContentTypeRestrictedFileField.__init__ plugs in a FileExtensionValidator for pdf and html. Proof: probe test_3_* (the field holds the validator; it rejects test.txt with code invalid_extension; swapping in another validator changes the rule).,modified,The ConcreteStrategy FileExtensionValidator is now built from the new FILE_TYPES table and also allows txt.
after_change1,Strategy,Behavioral (GoF),Upload Widget Choice,Context=django.forms.FileField (draws itself through its widget); Context=BoundField.as_widget (calls widget.render(...)); Strategy=django.forms.widgets.Widget; ConcreteStrategy=django.forms.widgets.FileInput; Client=DocumentAdmin.formfield_overrides (chooses FileInput for every FileField); Client=BaseModelAdmin.formfield_for_dbfield (applies formfield_overrides); Configuration=FILE_TYPES (from Change 1: the accept value),django.forms.FileField: Django 4.1.13 django/forms/fields.py:618-689; BoundField.as_widget: Django 4.1.13 django/forms/boundfield.py:84-104; django.forms.widgets.Widget: Django 4.1.13 django/forms/widgets.py:232-315; django.forms.widgets.FileInput: Django 4.1.13 django/forms/widgets.py:415-456; DocumentAdmin.formfield_overrides: Part2/changes/Change1/code/doc_manager/admin.py:23-27; BaseModelAdmin.formfield_for_dbfield: Django 4.1.13 django/contrib/admin/options.py:149-215; FILE_TYPES: Part2/changes/Change1/code/doc_manager/models.py:18-22,"Problem: the admin should use a plain upload box instead of Django's default one. A form field draws itself through its widget object (BoundField.as_widget calls widget.render), and widgets are interchangeable. DocumentAdmin.formfield_overrides makes BaseModelAdmin.formfield_for_dbfield use FileInput (with an accept list) for every FileField. Proof: probe test_4_* (widget is FileInput; without the override Django uses AdminFileWidget).",modified,FileInput's accept value now comes from FILE_TYPES and is a comma-separated string (before: a Python list that browsers ignore).
after_change2,Template Method,Behavioral (GoF),Published Document Page,"AbstractClass=django.views.View; TemplateMethod=View.dispatch (fixed recipe: call the method named after the HTTP verb, else 405); PrimitiveOperation=get(): not separately declared in View, dispatch finds it by name; ConcreteClass=DocumentView; ConcreteOperation=DocumentView.get (returns the file of the document); ConcreteClass=DocumentVersionView (from Change 2: inherits DocumentView.get)",django.views.View: Django 4.1.13 django/views/generic/base.py:35-178; View.dispatch: Django 4.1.13 django/views/generic/base.py:132-142; DocumentView: Part2/changes/Change2/code/doc_manager/views.py:7-26; DocumentView.get: Part2/changes/Change2/code/doc_manager/views.py:14-26; DocumentVersionView: Part2/changes/Change2/code/doc_manager/views.py:29-36,Problem: every page must answer GET and refuse other HTTP methods in the same way. Django's View.dispatch is the fixed recipe: it calls the method named after the HTTP verb and otherwise returns 405. The app fills in only the get step: DocumentView.get finds the published document and returns its file. Proof: data/test_result/probe_test.py test_1_* (dispatch called get once; a POST got 405).,extended,"New ConcreteClass DocumentVersionView; it inherits DocumentView.get, which now accepts the URL arguments."
after_change2,Template Method,Behavioral (GoF),Admin Read-only Fields,AbstractClass=django.contrib.admin.ModelAdmin; TemplateMethod=ModelAdmin._changeform_view (builds the edit page and calls get_readonly_fields); TemplateMethod=ModelAdmin.get_form (builds the form and calls get_readonly_fields); Hook (default)=BaseModelAdmin.get_readonly_fields; ConcreteClass=DocumentAdmin; ConcreteHook=DocumentAdmin.get_readonly_fields (locks fields of saved documents),django.contrib.admin.ModelAdmin: Django 4.1.13 django/contrib/admin/options.py:612-2288; ModelAdmin._changeform_view: Django 4.1.13 django/contrib/admin/options.py:1753-1888; ModelAdmin.get_form: Django 4.1.13 django/contrib/admin/options.py:758-812; BaseModelAdmin.get_readonly_fields: Django 4.1.13 django/contrib/admin/options.py:396-400; DocumentAdmin: Part2/changes/Change2/code/doc_manager/admin.py:14-61; DocumentAdmin.get_readonly_fields: Part2/changes/Change2/code/doc_manager/admin.py:29-32,"Problem: the admin edit page is built by a long fixed recipe; the app only needs to say which fields are locked. ModelAdmin._changeform_view and ModelAdmin.get_form call self.get_readonly_fields(request, obj); DocumentAdmin overrides this hook so that a saved document shows add_date, pub_date and published as read-only. Proof: tests/test_admin.py test_get_readonly_fields; probe test_2_admin_recipe_calls_the_hook.",preserved,Not changed.
after_change2,Strategy,Behavioral (GoF),Upload File Checks,"Context=Field.run_validators (loops over self.validators and calls each one, called by Field.clean); Context (subclass)=ContentTypeRestrictedFileField (clean() calls super().clean()); Context (subclass)=ContentTypeRestrictedFileField.clean; Strategy=not separately declared: any callable validator(value) that raises ValidationError; ConcreteStrategy=django.core.validators.FileExtensionValidator; Client=ContentTypeRestrictedFileField.__init__ (creates the strategy and plugs it in); Configuration=FILE_TYPES (from Change 1: the allowed extensions)",Field.run_validators: Django 4.1.13 django/db/models/fields/__init__.py:701-715; ContentTypeRestrictedFileField: Part2/changes/Change2/code/doc_manager/models.py:25-65; ContentTypeRestrictedFileField.clean: Part2/changes/Change2/code/doc_manager/models.py:47-65; django.core.validators.FileExtensionValidator: Django 4.1.13 django/core/validators.py:539-580; ContentTypeRestrictedFileField.__init__: Part2/changes/Change2/code/doc_manager/models.py:27-45; FILE_TYPES: Part2/changes/Change2/code/doc_manager/models.py:18-22,Problem: uploads must be checked by rules that can be swapped without changing the field. Django's Field.run_validators loops over self.validators and calls each one the same way (validator(value)). ContentTypeRestrictedFileField.__init__ plugs in a FileExtensionValidator for pdf and html. Proof: probe test_3_* (the field holds the validator; it rejects test.txt with code invalid_extension; swapping in another validator changes the rule).,preserved,Not changed.
after_change2,Strategy,Behavioral (GoF),Upload Widget Choice,Context=django.forms.FileField (draws itself through its widget); Context=BoundField.as_widget (calls widget.render(...)); Strategy=django.forms.widgets.Widget; ConcreteStrategy=django.forms.widgets.FileInput; Client=DocumentAdmin.formfield_overrides (chooses FileInput for every FileField); Client=BaseModelAdmin.formfield_for_dbfield (applies formfield_overrides); Configuration=FILE_TYPES (from Change 1: the accept value),django.forms.FileField: Django 4.1.13 django/forms/fields.py:618-689; BoundField.as_widget: Django 4.1.13 django/forms/boundfield.py:84-104; django.forms.widgets.Widget: Django 4.1.13 django/forms/widgets.py:232-315; django.forms.widgets.FileInput: Django 4.1.13 django/forms/widgets.py:415-456; DocumentAdmin.formfield_overrides: Part2/changes/Change2/code/doc_manager/admin.py:23-27; BaseModelAdmin.formfield_for_dbfield: Django 4.1.13 django/contrib/admin/options.py:149-215; FILE_TYPES: Part2/changes/Change2/code/doc_manager/models.py:18-22,"Problem: the admin should use a plain upload box instead of Django's default one. A form field draws itself through its widget object (BoundField.as_widget calls widget.render), and widgets are interchangeable. DocumentAdmin.formfield_overrides makes BaseModelAdmin.formfield_for_dbfield use FileInput (with an accept list) for every FileField. Proof: probe test_4_* (widget is FileInput; without the override Django uses AdminFileWidget).",preserved,Not changed.
after_change2,Template Method,Behavioral (GoF),Document Choice Step,"AbstractClass=DocumentView (also gives the default step: the published version); TemplateMethod=DocumentView.get (recipe: get_document(), 404 if none, pick type, send file); PrimitiveOperation=DocumentView.get_document (default: the published version); ConcreteClass=DocumentVersionView; ConcreteOperation=DocumentVersionView.get_document (the published-at-some-time version with the id from the URL)",DocumentView: Part2/changes/Change2/code/doc_manager/views.py:7-26; DocumentView.get: Part2/changes/Change2/code/doc_manager/views.py:14-26; DocumentView.get_document: Part2/changes/Change2/code/doc_manager/views.py:10-12; DocumentVersionView: Part2/changes/Change2/code/doc_manager/views.py:29-36; DocumentVersionView.get_document: Part2/changes/Change2/code/doc_manager/views.py:33-36,"Problem: show any saved version without copying the file-sending code. DocumentView.get is now a fixed recipe: get_document(), 404 if none, pick the content type, send the file. DocumentVersionView overrides only get_document() (the version with this id, if it was ever published). Proof: tests/test_version_view.py (old version shown; draft and unknown id give 404) and tests/test_views.py.",newly_introduced,Extract Method moved 'which document?' into DocumentView.get_document(); DocumentVersionView overrides it. This new collaboration lives inside Published Document Page.
after_change3,Template Method,Behavioral (GoF),Published Document Page,"AbstractClass=django.views.View; TemplateMethod=View.dispatch (fixed recipe: call the method named after the HTTP verb, else 405); PrimitiveOperation=get(): not separately declared in View, dispatch finds it by name; ConcreteClass=DocumentView; ConcreteOperation=DocumentView.get (returns the file of the document); ConcreteClass=DocumentVersionView (from Change 2: inherits DocumentView.get)",django.views.View: Django 4.1.13 django/views/generic/base.py:35-178; View.dispatch: Django 4.1.13 django/views/generic/base.py:132-142; DocumentView: Part2/code/doc_manager/views.py:7-26; DocumentView.get: Part2/code/doc_manager/views.py:14-26; DocumentVersionView: Part2/code/doc_manager/views.py:29-36,Problem: every page must answer GET and refuse other HTTP methods in the same way. Django's View.dispatch is the fixed recipe: it calls the method named after the HTTP verb and otherwise returns 405. The app fills in only the get step: DocumentView.get finds the published document and returns its file. Proof: data/test_result/probe_test.py test_1_* (dispatch called get once; a POST got 405).,preserved,Not changed.
after_change3,Template Method,Behavioral (GoF),Admin Read-only Fields,AbstractClass=django.contrib.admin.ModelAdmin; TemplateMethod=ModelAdmin._changeform_view (builds the edit page and calls get_readonly_fields); TemplateMethod=ModelAdmin.get_form (builds the form and calls get_readonly_fields); Hook (default)=BaseModelAdmin.get_readonly_fields; ConcreteClass=DocumentAdmin; ConcreteHook=DocumentAdmin.get_readonly_fields (locks fields of saved documents),django.contrib.admin.ModelAdmin: Django 4.1.13 django/contrib/admin/options.py:612-2288; ModelAdmin._changeform_view: Django 4.1.13 django/contrib/admin/options.py:1753-1888; ModelAdmin.get_form: Django 4.1.13 django/contrib/admin/options.py:758-812; BaseModelAdmin.get_readonly_fields: Django 4.1.13 django/contrib/admin/options.py:396-400; DocumentAdmin: Part2/code/doc_manager/admin.py:14-65; DocumentAdmin.get_readonly_fields: Part2/code/doc_manager/admin.py:29-36,"Problem: the admin edit page is built by a long fixed recipe; the app only needs to say which fields are locked. ModelAdmin._changeform_view and ModelAdmin.get_form call self.get_readonly_fields(request, obj); DocumentAdmin overrides this hook so that a saved document shows add_date, pub_date and published as read-only. Proof: tests/test_admin.py test_get_readonly_fields; probe test_2_admin_recipe_calls_the_hook.",modified,The hook DocumentAdmin.get_readonly_fields also returns file_obj for a version that has been published.
after_change3,Strategy,Behavioral (GoF),Upload File Checks,"Context=Field.run_validators (loops over self.validators and calls each one, called by Field.clean); Context (subclass)=ContentTypeRestrictedFileField (clean() calls super().clean()); Context (subclass)=ContentTypeRestrictedFileField.clean; Strategy=not separately declared: any callable validator(value) that raises ValidationError; ConcreteStrategy=django.core.validators.FileExtensionValidator; Client=ContentTypeRestrictedFileField.__init__ (creates the strategy and plugs it in); Configuration=FILE_TYPES (from Change 1: the allowed extensions)",Field.run_validators: Django 4.1.13 django/db/models/fields/__init__.py:701-715; ContentTypeRestrictedFileField: Part2/code/doc_manager/models.py:25-65; ContentTypeRestrictedFileField.clean: Part2/code/doc_manager/models.py:47-65; django.core.validators.FileExtensionValidator: Django 4.1.13 django/core/validators.py:539-580; ContentTypeRestrictedFileField.__init__: Part2/code/doc_manager/models.py:27-45; FILE_TYPES: Part2/code/doc_manager/models.py:18-22,Problem: uploads must be checked by rules that can be swapped without changing the field. Django's Field.run_validators loops over self.validators and calls each one the same way (validator(value)). ContentTypeRestrictedFileField.__init__ plugs in a FileExtensionValidator for pdf and html. Proof: probe test_3_* (the field holds the validator; it rejects test.txt with code invalid_extension; swapping in another validator changes the rule).,preserved,Not changed.
after_change3,Strategy,Behavioral (GoF),Upload Widget Choice,Context=django.forms.FileField (draws itself through its widget); Context=BoundField.as_widget (calls widget.render(...)); Strategy=django.forms.widgets.Widget; ConcreteStrategy=django.forms.widgets.FileInput; Client=DocumentAdmin.formfield_overrides (chooses FileInput for every FileField); Client=BaseModelAdmin.formfield_for_dbfield (applies formfield_overrides); Configuration=FILE_TYPES (from Change 1: the accept value),django.forms.FileField: Django 4.1.13 django/forms/fields.py:618-689; BoundField.as_widget: Django 4.1.13 django/forms/boundfield.py:84-104; django.forms.widgets.Widget: Django 4.1.13 django/forms/widgets.py:232-315; django.forms.widgets.FileInput: Django 4.1.13 django/forms/widgets.py:415-456; DocumentAdmin.formfield_overrides: Part2/code/doc_manager/admin.py:23-27; BaseModelAdmin.formfield_for_dbfield: Django 4.1.13 django/contrib/admin/options.py:149-215; FILE_TYPES: Part2/code/doc_manager/models.py:18-22,"Problem: the admin should use a plain upload box instead of Django's default one. A form field draws itself through its widget object (BoundField.as_widget calls widget.render), and widgets are interchangeable. DocumentAdmin.formfield_overrides makes BaseModelAdmin.formfield_for_dbfield use FileInput (with an accept list) for every FileField. Proof: probe test_4_* (widget is FileInput; without the override Django uses AdminFileWidget).",preserved,Not changed.
after_change3,Template Method,Behavioral (GoF),Document Choice Step,"AbstractClass=DocumentView (also gives the default step: the published version); TemplateMethod=DocumentView.get (recipe: get_document(), 404 if none, pick type, send file); PrimitiveOperation=DocumentView.get_document (default: the published version); ConcreteClass=DocumentVersionView; ConcreteOperation=DocumentVersionView.get_document (the published-at-some-time version with the id from the URL)",DocumentView: Part2/code/doc_manager/views.py:7-26; DocumentView.get: Part2/code/doc_manager/views.py:14-26; DocumentView.get_document: Part2/code/doc_manager/views.py:10-12; DocumentVersionView: Part2/code/doc_manager/views.py:29-36; DocumentVersionView.get_document: Part2/code/doc_manager/views.py:33-36,"Problem: show any saved version without copying the file-sending code. DocumentView.get is now a fixed recipe: get_document(), 404 if none, pick the content type, send the file. DocumentVersionView overrides only get_document() (the version with this id, if it was ever published). Proof: tests/test_version_view.py (old version shown; draft and unknown id give 404) and tests/test_views.py.",preserved,Not changed.
