problem,language,run,ms
template_method_document_page,python,warm-up,75.8
template_method_document_page,python,1,73.7
template_method_document_page,python,2,78.6
template_method_document_page,python,3,65.9
template_method_document_page,python,4,73.2
template_method_document_page,python,5,64.1
template_method_document_page,java,warm-up,188.8
template_method_document_page,java,1,204.6
template_method_document_page,java,2,201.8
template_method_document_page,java,3,216.4
template_method_document_page,java,4,198.5
template_method_document_page,java,5,199.5
template_method_document_page,javascript,warm-up,80.6
template_method_document_page,javascript,1,76.6
template_method_document_page,javascript,2,80.2
template_method_document_page,javascript,3,89.2
template_method_document_page,javascript,4,72.8
template_method_document_page,javascript,5,80.9
template_method_document_page,cpp,warm-up,60.8
template_method_document_page,cpp,1,12.7
template_method_document_page,cpp,2,13.4
template_method_document_page,cpp,3,14.7
template_method_document_page,cpp,4,14.7
template_method_document_page,cpp,5,12.7
strategy_upload_check,python,warm-up,75.1
strategy_upload_check,python,1,78.6
strategy_upload_check,python,2,80.7
strategy_upload_check,python,3,86.2
strategy_upload_check,python,4,79.1
strategy_upload_check,python,5,77.8
strategy_upload_check,java,warm-up,211.7
strategy_upload_check,java,1,230.2
strategy_upload_check,java,2,224.3
strategy_upload_check,java,3,224.7
strategy_upload_check,java,4,225.7
strategy_upload_check,java,5,211.0
strategy_upload_check,javascript,warm-up,85.9
strategy_upload_check,javascript,1,77.3
strategy_upload_check,javascript,2,78.7
strategy_upload_check,javascript,3,78.4
strategy_upload_check,javascript,4,78.9
strategy_upload_check,javascript,5,82.1
strategy_upload_check,cpp,warm-up,56.1
strategy_upload_check,cpp,1,13.5
strategy_upload_check,cpp,2,12.9
strategy_upload_check,cpp,3,12.5
strategy_upload_check,cpp,4,11.6
strategy_upload_check,cpp,5,11.8
